{
  "id": "fsm_01",
  "category": "FSM",
  "natural_language": "A socket must be configured before it is used to send data.",
  "ir": {
    "type": "fsm",
    "states": ["created", "configured", "used"],
    "start_state": "created",
    "transitions": [
      { "from": "created", "event": "configure", "timing": "before", "to": "configured" },
      { "from": "configured", "event": "send", "timing": "after", "to": "used" }
    ],
    "forbidden": [
      { "from": "created", "event": "send" }
    ],
    "violation_message": "Socket used before configuration."
  }
}
