{
  "id": "fsm_03",
  "category": "FSM",
  "natural_language": "An iterator must check availability before moving to the next element.",
  "ir": {
    "type": "fsm",
    "states": ["unknown", "checked", "advanced"],
    "start_state": "unknown",
    "transitions": [
      { "from": "unknown", "event": "hasNext", "timing": "before", "to": "checked" },
      { "from": "checked", "event": "next", "timing": "before", "to": "advanced" }
    ],
    "forbidden": [
      { "from": "unknown", "event": "next" }
    ],
    "violation_message": "Iterator advanced without availability check."
  }
}
