{
  "id": "fsm_02",
  "category": "FSM",
  "natural_language": "A transaction must be committed or rolled back after it is begun.",
  "ir": {
    "type": "fsm",
    "states": ["idle", "active", "finished"],
    "start_state": "idle",
    "transitions": [
      { "from": "idle", "event": "begin", "timing": "before", "to": "active" },
      { "from": "active", "event": "commit", "timing": "after", "to": "finished" },
      { "from": "active", "event": "rollback", "timing": "after", "to": "finished" }
    ],
    "forbidden": [
      { "from": "idle", "event": "commit" }
    ],
    "violation_message": "Transaction committed without begin."
  }
}
